ResourceID,Title,Description,3D Model File,,Cloud URL,File Format Type,Measurement Unit,Thumbnail Image,Photographs,Drawings,Geometry
a0a0a0a0-0000-0100-0000-000000000000,Paiute Rocks - Panel 1,"This large complex solid and stipple pecked panel faces south and is affected by exposure, lichen growth and surface spalling. Principal motifs include: rakes; arcs; a bisected circle; a spiral; a tailed circle; open circles; an atlatl design; a stick figure anthropomorph; rectilinear and curvilinear meanders; a triangle; and a plant-like design (a vertical line with connected horizontal lines). Some motifs once clearly extended into an area of the boulder that has now spalled away.",,https://lcai-assets.s3.amazonaws.com/models/Paiute-Rocks-P1.nxs,https://lcai-assets.s3.amazonaws.com/models/Paiute-Rocks-P12.nxs,NXS,Centimeter,Paiute-Rocks_Panel-1_Preview-Image.jpg,"[{'resourceId': 'a0a0a0a0-0000-0100-0001-000000000000', 'ontologyProperty': '', 'inverseOntologyProperty': ''}, {'resourceId': 'a0a0a0a0-0000-0100-0004-000000000000', 'ontologyProperty': '', 'inverseOntologyProperty': ''}, {'resourceId': 'a0a0a0a0-0000-0100-0005-000000000000', 'ontologyProperty': '', 'inverseOntologyProperty': ''}]","[{'resourceId': 'a0a0a0a0-0000-0100-0002-000000000000', 'ontologyProperty': '', 'inverseOntologyProperty': ''}, {'resourceId': 'a0a0a0a0-0000-0100-0003-000000000000', 'ontologyProperty': '', 'inverseOntologyProperty': ''}, {'resourceId': 'a0a0a0a0-0000-0100-0006-000000000000', 'ontologyProperty': '', 'inverseOntologyProperty': ''}]",Point (37.6061853 -115.37326649)
a0a0a0a0-0000-0700-0000-000000000000,Paiute Rocks - Panel 7,This solid pecked panel faces east and has been made in a natural hollow of patinated rock that is surrounded by a large area of surface spalling. The single motif is a bighorn sheep (approximately 15-x-12 cm).,,https://lcai-assets.s3.amazonaws.com/models/Paiute-Rocks-P7.nxs,https://lcai-assets.s3.amazonaws.com/models/Paiute-Rocks-P7.nxs,NXS,Centimeter,Paiute-Rocks_Panel-7_Preview-Image.jpg,"[{'resourceId': 'a0a0a0a0-0000-0700-0002-000000000000', 'ontologyProperty': '', 'inverseOntologyProperty': ''}]","[{'resourceId': 'a0a0a0a0-0000-0700-0001-000000000000', 'ontologyProperty': '', 'inverseOntologyProperty': ''}]",Point (37.6062834 -115.3732603)
a0a0a0a0-0000-1200-0000-000000000000,Paiute Rocks - Panel 12,"This large, complex scratched and solid pecked panel faces north and is affected by surface spalling and graffitti. Superimpositioning is evident in many of the motifs. The graffiti takes the form of the scratched letters 'MOLLY / ADAM / I H 4.' Spalling has destroyed part of the panel. The principal motifs include: tailed circles; curvilinear meanders; arcs; a chain of circles; and a boat-shaped bighorn sheep figure.",,https://lcai-assets.s3.amazonaws.com/models/Paiute-Rocks-P12.nxs,https://lcai-assets.s3.amazonaws.com/models/Paiute-Rocks-P13.nxs,NXS,Centimeter,Paiute-Rocks_Panel-12_Preview-Image.jpg,"[{'resourceId': 'a0a0a0a0-0000-1200-0003-000000000000', 'ontologyProperty': '', 'inverseOntologyProperty': ''}, {'resourceId': 'a0a0a0a0-0000-1200-0004-000000000000', 'ontologyProperty': '', 'inverseOntologyProperty': ''}, {'resourceId': 'a0a0a0a0-0000-1200-0006-000000000000', 'ontologyProperty': '', 'inverseOntologyProperty': ''}, {'resourceId': 'a0a0a0a0-0000-1200-0008-000000000000', 'ontologyProperty': '', 'inverseOntologyProperty': ''}, {'resourceId': 'a0a0a0a0-0000-1200-0009-000000000000', 'ontologyProperty': '', 'inverseOntologyProperty': ''}]","[{'resourceId': 'a0a0a0a0-0000-1200-0001-000000000000', 'ontologyProperty': '', 'inverseOntologyProperty': ''}, {'resourceId': 'a0a0a0a0-0000-1200-0002-000000000000', 'ontologyProperty': '', 'inverseOntologyProperty': ''}, {'resourceId': 'a0a0a0a0-0000-1200-0005-000000000000', 'ontologyProperty': '', 'inverseOntologyProperty': ''}, {'resourceId': 'a0a0a0a0-0000-1200-0007-000000000000', 'ontologyProperty': '', 'inverseOntologyProperty': ''}, {'resourceId': 'a0a0a0a0-0000-1200-0010-000000000000', 'ontologyProperty': '', 'inverseOntologyProperty': ''}]",Point (37.60636275 -115.37325117)
a0a0a0a0-0000-1300-0000-000000000000,Paiute Rocks - Panel 13,This extensive solid pecked panel faces northeast and is affected by exposure and lichen growth. Some figure modification is discernible on this panel. Motifs include: three rakes; arcs; a tailed circle; five bighorn sheep figures (one partially obscured by lichen); a dumbbell; an asterisk-like design; dots; zigzags; wavy lines; connected open circles; and curvilinear meanders.,,https://lcai-assets.s3.amazonaws.com/models/Paiute-Rocks-P13.nxs,https://lcai-assets.s3.amazonaws.com/models/Paiute-Rocks-P18-Left-of.nxs,NXS,Centimeter,Paiute-Rocks_Panel-13_Preview-Image.jpg,"[{'resourceId': 'a0a0a0a0-0000-1300-0003-000000000000', 'ontologyProperty': '', 'inverseOntologyProperty': ''}, {'resourceId': 'a0a0a0a0-0000-1300-0004-000000000000', 'ontologyProperty': '', 'inverseOntologyProperty': ''}, {'resourceId': 'a0a0a0a0-0000-1300-0007-000000000000', 'ontologyProperty': '', 'inverseOntologyProperty': ''}, {'resourceId': 'a0a0a0a0-0000-1300-0009-000000000000', 'ontologyProperty': '', 'inverseOntologyProperty': ''}]","[{'resourceId': 'a0a0a0a0-0000-1300-0001-000000000000', 'ontologyProperty': '', 'inverseOntologyProperty': ''}, {'resourceId': 'a0a0a0a0-0000-1300-0002-000000000000', 'ontologyProperty': '', 'inverseOntologyProperty': ''}, {'resourceId': 'a0a0a0a0-0000-1300-0005-000000000000', 'ontologyProperty': '', 'inverseOntologyProperty': ''}, {'resourceId': 'a0a0a0a0-0000-1300-0006-000000000000', 'ontologyProperty': '', 'inverseOntologyProperty': ''}, {'resourceId': 'a0a0a0a0-0000-1300-0008-000000000000', 'ontologyProperty': '', 'inverseOntologyProperty': ''}, {'resourceId': 'a0a0a0a0-0000-1300-0010-000000000000', 'ontologyProperty': '', 'inverseOntologyProperty': ''}, {'resourceId': 'a0a0a0a0-0000-1300-0011-000000000000', 'ontologyProperty': '', 'inverseOntologyProperty': ''}]",Point (37.60634961 -115.37330054)
a0a0a0a0-0000-18a0-0000-000000000000,Paiute Rocks - Panel 18 Left of,"This solid and stipple pecked panel faces east and is affected by exposure and surface spalling. Its motifs comprise a stick figure anthropomorph which has lost its left leg from surface spalling, and a line with two open circles.",,https://lcai-assets.s3.amazonaws.com/models/Paiute-Rocks-P18-Left-of.nxs,https://lcai-assets.s3.amazonaws.com/models/Paiute-Rocks-P18.nxs,NXS,Centimeter,Paiute-Rocks_Panel-18-Left-of_Preview-Image.jpg,"[{'resourceId': 'a0a0a0a0-0000-1800-0002-000000000000', 'ontologyProperty': '', 'inverseOntologyProperty': ''}]","[{'resourceId': 'a0a0a0a0-0000-1800-0001-000000000000', 'ontologyProperty': '', 'inverseOntologyProperty': ''}]",Point (37.60640872 -115.37338161)
a0a0a0a0-0000-18b0-0000-000000000000,Paiute Rocks - Panel 18,"This solid and stipple pecked panel faces east and is affected by exposure and surface spalling. Its motifs comprise a stick figure anthropomorph which has lost its left leg from surface spalling, and a line with two open circles.",,https://lcai-assets.s3.amazonaws.com/models/Paiute-Rocks-P18.nxs,https://lcai-assets.s3.amazonaws.com/models/Paiute-Rocks-P19.nxs,NXS,Centimeter,Paiute-Rocks_Panel-18_Preview-Image.jpg,"[{'resourceId': 'a0a0a0a0-0000-1800-0002-000000000000', 'ontologyProperty': '', 'inverseOntologyProperty': ''}]","[{'resourceId': 'a0a0a0a0-0000-1800-0001-000000000000', 'ontologyProperty': '', 'inverseOntologyProperty': ''}]",Point (37.60640872 -115.37338161)
a0a0a0a0-0000-1900-0000-000000000000,Paiute Rocks - Panel 19,"This large solid pecked panel faces east and is affected by exposure and lichen growth. This panel has superimpositioning evident. Its principal motifs include a long wavy line, a row of open circles, rectilinear meanders, a cross pommee, and a rectilinear meander that incorporates three open circles. spalling and vegetation abutment. Its motifs are all rectilinear—a couple of lines, a cross-like figure and an indeterminate design obscured by the effects of surface spalling.",,https://lcai-assets.s3.amazonaws.com/models/Paiute-Rocks-P19.nxs,https://lcai-assets.s3.amazonaws.com/models/Paiute-Rocks-P1.nxs,NXS,Centimeter,Paiute-Rocks_Panel-19_Preview-Image.jpg,"[{'resourceId': 'a0a0a0a0-0000-1900-0002-000000000000', 'ontologyProperty': '', 'inverseOntologyProperty': ''}, {'resourceId': 'a0a0a0a0-0000-1900-0005-000000000000', 'ontologyProperty': '', 'inverseOntologyProperty': ''}, {'resourceId': 'a0a0a0a0-0000-1900-0006-000000000000', 'ontologyProperty': '', 'inverseOntologyProperty': ''}]","[{'resourceId': 'a0a0a0a0-0000-1900-0001-000000000000', 'ontologyProperty': '', 'inverseOntologyProperty': ''}, {'resourceId': 'a0a0a0a0-0000-1900-0003-000000000000', 'ontologyProperty': '', 'inverseOntologyProperty': ''}, {'resourceId': 'a0a0a0a0-0000-1900-0004-000000000000', 'ontologyProperty': '', 'inverseOntologyProperty': ''}]",Point (37.60640872 -115.37338161)
a0a0a0a0-0000-2200-0000-000000000000,Paiute Rocks - Panel 22,This solid pecked panel faces northwest and is affected by exposure. Its only motif is an arc.,,https://lcai-assets.s3.amazonaws.com/models/Paiute-Rocks-P22.nxs,https://lcai-assets.s3.amazonaws.com/models/Paiute-Rocks-P22.nxs,NXS,Centimeter,Paiute-Rocks_Panel-22_Preview-Image.jpg,"[{'resourceId': 'a0a0a0a0-0000-2200-0001-000000000000', 'ontologyProperty': '', 'inverseOntologyProperty': ''}]","[{'resourceId': 'a0a0a0a0-0000-2200-0002-000000000000', 'ontologyProperty': '', 'inverseOntologyProperty': ''}]",Point (37.6063772 -115.37349092)
a0a0a0a0-0000-2300-0000-000000000000,Paiute Rocks - Panel 23,"23A This solid and stipple pecked panel faces northwest and is affected by exposure and graffiti (the scratched initials 'I M'). Its motifs include: dots; random pecking; a line; and a finely executed deer/elk figure.<br>23B This abraded, scratched and stippled pecked panel faces northwest and is affected by exposure. This panel is graffiti and is an asterisk joined to an 'E' shape.",,https://lcai-assets.s3.amazonaws.com/models/Paiute-Rocks-P23.nxs,https://lcai-assets.s3.amazonaws.com/models/Paiute-Rocks-P23.nxs,NXS,Centimeter,Paiute-Rocks_Panel-23_Preview-Image.jpg,"[{'resourceId': 'a0a0a0a0-0000-2300-0001-000000000000', 'ontologyProperty': '', 'inverseOntologyProperty': ''}, {'resourceId': 'a0a0a0a0-0000-2300-0002-000000000000', 'ontologyProperty': '', 'inverseOntologyProperty': ''}, {'resourceId': 'a0a0a0a0-0000-2300-0003-000000000000', 'ontologyProperty': '', 'inverseOntologyProperty': ''}, {'resourceId': 'a0a0a0a0-0000-2300-0006-000000000000', 'ontologyProperty': '', 'inverseOntologyProperty': ''}]","[{'resourceId': 'a0a0a0a0-0000-2300-0004-000000000000', 'ontologyProperty': '', 'inverseOntologyProperty': ''}, {'resourceId': 'a0a0a0a0-0000-2300-0005-000000000000', 'ontologyProperty': '', 'inverseOntologyProperty': ''}]",Point (37.6064148 -115.37351075)
a0a0a0a0-0000-2700-0000-000000000000,Paiute Rocks - Panel 27,This stipple pecked panel faces north and incorporates a natural feature. Motifs include three bighorn sheep or deer/elk. This panel is affected by exposure and lichen growth. Some figure modification is discernible on this panel.,,https://lcai-assets.s3.amazonaws.com/models/Paiute-Rocks-P27.nxs,https://lcai-assets.s3.amazonaws.com/models/Paiute-Rocks-P27.nxs,NXS,Centimeter,Paiute-Rocks_Panel-27_Preview-Image.jpg,"[{'resourceId': 'a0a0a0a0-0000-2700-0002-000000000000', 'ontologyProperty': '', 'inverseOntologyProperty': ''}]","[{'resourceId': 'a0a0a0a0-0000-2700-0001-000000000000', 'ontologyProperty': '', 'inverseOntologyProperty': ''}]",Point (37.60649101 -115.37351198)
a0a0a0a0-0000-3100-0000-000000000000,Paiute Rocks - Panel 31,"This large, complex solid pecked panel faces south and exhibits superimpositioning. It is affected by exposure, lichen growth and surface spalling. Motifs include: concentric circles; open circles, arcs; lines; a tailed open circle; a grid; wavy lines; complex curvilinear meanders; and an indistinct bighorn sheep figure.<br>Panel 31-1 This solid pecked panel faces southeast and is affected by exposure, lichen growth and surface spalling. There is a modern hearth below this panel. The only motif is a short, wide line.<br>Panel 31-2 This stipple pecked panel faces southeast and is affected by exposure and surface spalling. Its only motif is a bighorn sheep figure that has dots for feet.",,https://lcai-assets.s3.amazonaws.com/models/Paiute-Rocks-P31.nxs,https://lcai-assets.s3.amazonaws.com/models/Paiute-Rocks-P31.nxs,NXS,Centimeter,Paiute-Rocks_Panel-31_Preview-Image.jpg,"[{'resourceId': 'a0a0a0a0-0000-3100-0001-000000000000', 'ontologyProperty': '', 'inverseOntologyProperty': ''}, {'resourceId': 'a0a0a0a0-0000-3100-0003-000000000000', 'ontologyProperty': '', 'inverseOntologyProperty': ''}, {'resourceId': 'a0a0a0a0-0000-3100-0004-000000000000', 'ontologyProperty': '', 'inverseOntologyProperty': ''}, {'resourceId': 'a0a0a0a0-0000-3100-0007-000000000000', 'ontologyProperty': '', 'inverseOntologyProperty': ''}]","[{'resourceId': 'a0a0a0a0-0000-3100-0002-000000000000', 'ontologyProperty': '', 'inverseOntologyProperty': ''}, {'resourceId': 'a0a0a0a0-0000-3100-0005-000000000000', 'ontologyProperty': '', 'inverseOntologyProperty': ''}, {'resourceId': 'a0a0a0a0-0000-3100-0006-000000000000', 'ontologyProperty': '', 'inverseOntologyProperty': ''}, {'resourceId': 'a0a0a0a0-0000-3100-0008-000000000000', 'ontologyProperty': '', 'inverseOntologyProperty': ''}]",Point (37.60639334 -115.37356312)
a0a0a0a0-0000-4349-0000-000000000000,Paiute Rocks - Panel 43 49,"This large, complex solid pecked panel faces south and is affected by surface spalling. Among its numerous motifs are: rakes; a cross; grids; rectilinear meanders; and a wavy line. Part of the panel seems to have been destroyed by surface spalling.<br>NOTE: This is only the description for 43, though the descriptions up to 49 should be included too.",,https://lcai-assets.s3.amazonaws.com/models/Paiute-Rocks-P43-49.nxs,https://lcai-assets.s3.amazonaws.com/models/Paiute-Rocks-P43-49.nxs,NXS,Centimeter,Paiute-Rocks_Panel-43-49_Preview-Image.jpg,"[{'resourceId': 'a0a0a0a0-0000-4300-0001-000000000000', 'ontologyProperty': '', 'inverseOntologyProperty': ''}, {'resourceId': 'a0a0a0a0-0000-4300-0003-000000000000', 'ontologyProperty': '', 'inverseOntologyProperty': ''}, {'resourceId': 'a0a0a0a0-0000-4900-0002-000000000000', 'ontologyProperty': '', 'inverseOntologyProperty': ''}]","[{'resourceId': 'a0a0a0a0-0000-4300-0002-000000000000', 'ontologyProperty': '', 'inverseOntologyProperty': ''}, {'resourceId': 'a0a0a0a0-0000-4900-0001-000000000000', 'ontologyProperty': '', 'inverseOntologyProperty': ''}]",Point (37.60625117 -115.37349076)
a0a0a0a0-0000-5051-0000-000000000000,Paiute Rocks - Panel 50 51,"50 This solid pecked panel faces southwest and is affected by surface spalling. The numerous motifs in this panel include: nested arcs; joined circles; rakes; wavy lines; and a large, complex curvilinear meander.<br>51A This complex solid pecked panel faces southwest and is affected surface spalling. The edge of a natural hollow is outlined by one design (incorporation of a natural feature). The motifs in this panel include: complex curvilinear meanders; nested curving lines; a cross; undulating lines; and open circular/ovoid forms.<br>51B This stipple pecked panel faces south and is affected by exposure. Its motifs are difficult to discern but seem to include an open oval/circle and a curvilinear meander.",,https://lcai-assets.s3.amazonaws.com/models/Paiute-Rocks-P50-51.nxs,https://lcai-assets.s3.amazonaws.com/models/Paiute-Rocks-P50-51.nxs,NXS,Centimeter,Paiute-Rocks_Panel-50-51_Preview-Image.jpg,"[{'resourceId': 'a0a0a0a0-0000-5100-0002-000000000000', 'ontologyProperty': '', 'inverseOntologyProperty': ''}, {'resourceId': 'a0a0a0a0-0000-5100-0003-000000000000', 'ontologyProperty': '', 'inverseOntologyProperty': ''}]","[{'resourceId': 'a0a0a0a0-0000-5100-0001-000000000000', 'ontologyProperty': '', 'inverseOntologyProperty': ''}, {'resourceId': 'a0a0a0a0-0000-5100-0004-000000000000', 'ontologyProperty': '', 'inverseOntologyProperty': ''}]",Point (37.60624577 -115.37342513)
a0a0a0a0-0000-5859-0000-000000000000,Paiute Rocks - Panel 58 59,"58A This stipple pecked panel faces southeast and incorporates a natural feature. This panel is superimposed and is affected by exposure, surface spalling and graffiti. The graffiti takes the form of the date '1949' and a person’s head in profile. The prehistoric motifs include: an open circle; three anthropomorphic figures; a possible bighorn sheep figure; two open circles joined by a short horizontal line; and a curvilinear meander. The possible bighorn sheep figure incorporates a natural hole in its design.<br> 58B This solid pecked panel faces southeast and is affected by exposure and surface spalling. Its only motif is a pair of vertical lines that disappear into an area of spalling.<br>59A This stipple pecked panel faces east and is affected by exposure. Its motifs include an arc, an undulating line with two short vertical lines, and a fork-like figure.<br>59B This stipple pecked panel faces east and is affected by exposure. Its only motifs are areas of indistinct pecking.",,https://lcai-assets.s3.amazonaws.com/models/Paiute-Rocks-P58-59.nxs,https://lcai-assets.s3.amazonaws.com/models/Paiute-Rocks-P58-59.nxs,NXS,Centimeter,Paiute-Rocks_Panel-58-59_Preview-Image.jpg,"[{'resourceId': 'a0a0a0a0-0000-5800-0003-000000000000', 'ontologyProperty': '', 'inverseOntologyProperty': ''}, {'resourceId': 'a0a0a0a0-0000-5900-0001-000000000000', 'ontologyProperty': '', 'inverseOntologyProperty': ''}]","[{'resourceId': 'a0a0a0a0-0000-5800-0001-000000000000', 'ontologyProperty': '', 'inverseOntologyProperty': ''}, {'resourceId': 'a0a0a0a0-0000-5800-0002-000000000000', 'ontologyProperty': '', 'inverseOntologyProperty': ''}, {'resourceId': 'a0a0a0a0-0000-5900-0002-000000000000', 'ontologyProperty': '', 'inverseOntologyProperty': ''}]",Point (37.60618285 -115.37332608)
b0b0b0b0-0000-0102-0000-000000000000,LN4232 Feature 1 -  Panel 2,"The panel comprises 53 imagesrepresenting 5 motifs: 4 Anthropomorphic (2 Pahranagat Pattern Body, 1 Linear Figure, 1 Line of Humans); 21 Zoomorphic (Big Horn, Cervid, and Partial); 1 Tracks (Bird Track); 3 Other (Circular Random and Random Pecking); and 24 Geometric (Simple Geometric, Dot Pattern, Grid, Dot and Line Pattern, Sinuous Line, Arc, Concentric Circle, Rake, and Oval).",,https://lcai-assets.s3.amazonaws.com/models/LN4232-F1-P2.nxs,https://lcai-assets.s3.amazonaws.com/models/LN4232-F32-P2.nxs,NXS,Centimeter,Red-Pigment_Feature1_Panel2_preview.jpg,"[{'resourceId': 'b0b0b0b0-0000-0102-0001-000000000000', 'ontologyProperty': '', 'inverseOntologyProperty': ''}, {'resourceId': 'b0b0b0b0-0000-0102-0002-000000000000', 'ontologyProperty': '', 'inverseOntologyProperty': ''}, {'resourceId': 'b0b0b0b0-0000-0102-0003-000000000000', 'ontologyProperty': '', 'inverseOntologyProperty': ''}]",,Point (37.35971382 -115.2837483)
b0b0b0b0-0000-01a1-0000-000000000000,LN4232 Feature 1 - Panel 1 (Bottom),"(applies to entire F1 Panel 1) The panel comprises 31 images representing 5 motifs: 3 Anthropomorphic (Pahranagat Pattern Body); 13 Zoomorphic (Big Horn, Quadruped, and Partial); 2 Material Culture (Atlatl); 1 Other (random pecking); and 12 Geometric (Simple Geometric, Complex Geometric, Patterned Body, Rake Variation, Line, and Dot Pattern).",,https://lcai-assets.s3.amazonaws.com/models/LN4232-F1-P1-Bottom.nxs,https://lcai-assets.s3.amazonaws.com/models/LN4232-F1-P1-Bottom.nxs,NXS,Centimeter,Red-Pigment_Feature1_Panel1_bottom_preview.jpg,"[{'resourceId': 'b0b0b0b0-0000-0101-0003-000000000000', 'ontologyProperty': '', 'inverseOntologyProperty': ''}, {'resourceId': 'b0b0b0b0-0000-0101-0004-000000000000', 'ontologyProperty': '', 'inverseOntologyProperty': ''}]",,Point (37.35970102 -115.28371069)
b0b0b0b0-0000-01b1-0000-000000000000,LN4232 Feature 1 - Panel 1 (Top),"(applies to entire F1 Panel 1) The panel comprises 31 images representing 5 motifs: 3 Anthropomorphic (Pahranagat Pattern Body); 13 Zoomorphic (Big Horn, Quadruped, and Partial); 2 Material Culture (Atlatl); 1 Other (random pecking); and 12 Geometric (Simple Geometric, Complex Geometric, Patterned Body, Rake Variation, Line, and Dot Pattern).",,https://lcai-assets.s3.amazonaws.com/models/LN4232-F1-P1-Top.nxs,https://lcai-assets.s3.amazonaws.com/models/LN4232-F1-P1-Top.nxs,NXS,Centimeter,Red-Pigment_Feature1_Panel1_top_preview.jpg,"[{'resourceId': 'b0b0b0b0-0000-0101-0001-000000000000', 'ontologyProperty': '', 'inverseOntologyProperty': ''}, {'resourceId': 'b0b0b0b0-0000-0101-0002-000000000000', 'ontologyProperty': '', 'inverseOntologyProperty': ''}, {'resourceId': 'b0b0b0b0-0000-0101-0004-000000000000', 'ontologyProperty': '', 'inverseOntologyProperty': ''}]",,Point (37.35970102 -115.28371069)
b0b0b0b0-0000-0201-0000-000000000000,LN4061 Feature 2 - Panel 1,"This panel comprises 22 images representing 3 motifs: 2 Anthropomorphic (1 Linear Figure and 1 Pahranagat Solid Body); 7 Zoomorphic (Big Horn); and 13 Geometric (Complex Geometric, Simple Geometric, Angular Shape, Concentric Circle, Rake, Parallel Lines, Dot Pattern, and Curvilinear Design).",,https://lcai-assets.s3.amazonaws.com/models/LN4061-F2-P1.nxs,https://lcai-assets.s3.amazonaws.com/models/LN4061-F2-P3.nxs,NXS,Centimeter,Red-Pigment_Feature2_Panel1_preview.jpg,"[{'resourceId': 'b0b0b0b0-0000-0201-0001-000000000000', 'ontologyProperty': '', 'inverseOntologyProperty': ''}, {'resourceId': 'b0b0b0b0-0000-0201-0002-000000000000', 'ontologyProperty': '', 'inverseOntologyProperty': ''}, {'resourceId': 'b0b0b0b0-0000-0201-0003-000000000000', 'ontologyProperty': '', 'inverseOntologyProperty': ''}, {'resourceId': 'b0b0b0b0-0000-0201-0004-000000000000', 'ontologyProperty': '', 'inverseOntologyProperty': ''}]","[{'resourceId': 'b0b0b0b0-0000-0223-0001-000000000000', 'ontologyProperty': '', 'inverseOntologyProperty': ''}]",Point (37.36066058 -115.28053701)
b0b0b0b0-0000-0202-0000-000000000000,LN4061 Feature 2 - Panel 2,,,https://lcai-assets.s3.amazonaws.com/models/LN4061-F2-P2.nxs,https://lcai-assets.s3.amazonaws.com/models/LN4061-F14-P1.nxs,NXS,Centimeter,Red-Pigment_Feature2_Panel2_preview.jpg,"[{'resourceId': 'b0b0b0b0-0000-0202-0001-000000000000', 'ontologyProperty': '', 'inverseOntologyProperty': ''}, {'resourceId': 'b0b0b0b0-0000-0202-0002-000000000000', 'ontologyProperty': '', 'inverseOntologyProperty': ''}, {'resourceId': 'b0b0b0b0-0000-0202-0003-000000000000', 'ontologyProperty': '', 'inverseOntologyProperty': ''}]","[{'resourceId': 'b0b0b0b0-0000-0223-0002-000000000000', 'ontologyProperty': '', 'inverseOntologyProperty': ''}]",Point (37.36065539 -115.280561)
b0b0b0b0-0000-0203-0000-000000000000,LN4061 Feature 2 - Panel 3,,,https://lcai-assets.s3.amazonaws.com/models/LN4061-F2-P3.nxs,https://lcai-assets.s3.amazonaws.com/models/LN4061-F2-P2.nxs,NXS,Centimeter,Red-Pigment_Feature2_Panel3_preview.jpg,"[{'resourceId': 'b0b0b0b0-0000-0203-0001-000000000000', 'ontologyProperty': '', 'inverseOntologyProperty': ''}, {'resourceId': 'b0b0b0b0-0000-0203-0002-000000000000', 'ontologyProperty': '', 'inverseOntologyProperty': ''}, {'resourceId': 'b0b0b0b0-0000-0203-0003-000000000000', 'ontologyProperty': '', 'inverseOntologyProperty': ''}, {'resourceId': 'b0b0b0b0-0000-0203-0004-000000000000', 'ontologyProperty': '', 'inverseOntologyProperty': ''}]","[{'resourceId': 'b0b0b0b0-0000-0223-0003-000000000000', 'ontologyProperty': '', 'inverseOntologyProperty': ''}]",Point (37.36064032 -115.28054214)
b0b0b0b0-0000-0601-0000-000000000000,LN4061 Feature 6 -  Panel 1,,,https://lcai-assets.s3.amazonaws.com/models/LN4061-F6-P1.nxs,https://lcai-assets.s3.amazonaws.com/models/LN4061-F2-P1.nxs,NXS,Centimeter,Red-Pigment_Feature6_Panel1_preview.jpg,"[{'resourceId': 'b0b0b0b0-0000-0601-0001-000000000000', 'ontologyProperty': '', 'inverseOntologyProperty': ''}, {'resourceId': 'b0b0b0b0-0000-0601-0002-000000000000', 'ontologyProperty': '', 'inverseOntologyProperty': ''}, {'resourceId': 'b0b0b0b0-0000-0601-0003-000000000000', 'ontologyProperty': '', 'inverseOntologyProperty': ''}, {'resourceId': 'b0b0b0b0-0000-0601-0004-000000000000', 'ontologyProperty': '', 'inverseOntologyProperty': ''}, {'resourceId': 'b0b0b0b0-0000-0601-0005-000000000000', 'ontologyProperty': '', 'inverseOntologyProperty': ''}, {'resourceId': 'b0b0b0b0-0000-0601-0006-000000000000', 'ontologyProperty': '', 'inverseOntologyProperty': ''}, {'resourceId': 'b0b0b0b0-0000-0601-0007-000000000000', 'ontologyProperty': '', 'inverseOntologyProperty': ''}]","[{'resourceId': 'b0b0b0b0-0000-0624-0001-000000000000', 'ontologyProperty': '', 'inverseOntologyProperty': ''}, {'resourceId': 'b0b0b0b0-0000-0624-0002-000000000000', 'ontologyProperty': '', 'inverseOntologyProperty': ''}]",Point (37.36068992 -115.28054367)
b0b0b0b0-0000-0801-0000-000000000000,LN4061 Feature 8 - Panel 1,"This panel comprises 9 images representing 3 motifs: 1 Anthropomorphic (Other Anthropomorph); 2 Other (Unidentifiable and Solid Unidentifiable); and 6 Geometric (Complex Geometric, Parallel Lines, Zig-Zag, Simple Geometric, Meandering Line, and Concentric Circle).",,https://lcai-assets.s3.amazonaws.com/models/LN4061-F8-P1.nxs,https://lcai-assets.s3.amazonaws.com/models/LN4061-F6-P1.nxs,NXS,Centimeter,Red-Pigment_Feature8_Panel1_preview.jpg,"[{'resourceId': 'b0b0b0b0-0000-0801-0001-000000000000', 'ontologyProperty': '', 'inverseOntologyProperty': ''}, {'resourceId': 'b0b0b0b0-0000-0801-0002-000000000000', 'ontologyProperty': '', 'inverseOntologyProperty': ''}, {'resourceId': 'b0b0b0b0-0000-0801-0003-000000000000', 'ontologyProperty': '', 'inverseOntologyProperty': ''}, {'resourceId': 'b0b0b0b0-0000-0801-0004-000000000000', 'ontologyProperty': '', 'inverseOntologyProperty': ''}]","[{'resourceId': 'b0b0b0b0-0000-0825-0001-000000000000', 'ontologyProperty': '', 'inverseOntologyProperty': ''}]",Point (37.36072985 -115.2804375)
b0b0b0b0-0000-1401-0000-000000000000,LN4061 Feature 14 - Panel 1,This panel comprises 7 images representing 2 motifs: 4 Zoomorphic (Big Horn) and 3 Geometric (Complex Geometric and Grid).,,https://lcai-assets.s3.amazonaws.com/models/LN4061-F14-P1.nxs,https://lcai-assets.s3.amazonaws.com/models/LN4232-F19-P1-2.nxs,NXS,Centimeter,Red-Pigment_Feature14_Panel1_preview.jpg,"[{'resourceId': 'b0b0b0b0-0000-1401-0001-000000000000', 'ontologyProperty': '', 'inverseOntologyProperty': ''}, {'resourceId': 'b0b0b0b0-0000-1401-0002-000000000000', 'ontologyProperty': '', 'inverseOntologyProperty': ''}, {'resourceId': 'b0b0b0b0-0000-1401-0003-000000000000', 'ontologyProperty': '', 'inverseOntologyProperty': ''}, {'resourceId': 'b0b0b0b0-0000-1401-0004-000000000000', 'ontologyProperty': '', 'inverseOntologyProperty': ''}, {'resourceId': 'b0b0b0b0-0000-1401-0005-000000000000', 'ontologyProperty': '', 'inverseOntologyProperty': ''}, {'resourceId': 'b0b0b0b0-0000-1401-0006-000000000000', 'ontologyProperty': '', 'inverseOntologyProperty': ''}, {'resourceId': 'b0b0b0b0-0000-1401-0007-000000000000', 'ontologyProperty': '', 'inverseOntologyProperty': ''}, {'resourceId': 'b0b0b0b0-0000-1401-0009-000000000000', 'ontologyProperty': '', 'inverseOntologyProperty': ''}, {'resourceId': 'b0b0b0b0-0000-1401-0010-000000000000', 'ontologyProperty': '', 'inverseOntologyProperty': ''}]","[{'resourceId': 'b0b0b0b0-0000-1401-0008-000000000000', 'ontologyProperty': '', 'inverseOntologyProperty': ''}, {'resourceId': 'b0b0b0b0-0000-1421-0001-000000000000', 'ontologyProperty': '', 'inverseOntologyProperty': ''}]",Point (37.36069372 -115.28088039)
b0b0b0b0-0000-1901-0000-000000000000,LN4232 Feature 19 - Panels 1 and 2,,,https://lcai-assets.s3.amazonaws.com/models/LN4232-F19-P1-2.nxs,https://lcai-assets.s3.amazonaws.com/models/LN4232-F29-P1.nxs,NXS,Centimeter,Red-Pigment_Feature19_Panel1-2_preview.jpg,"[{'resourceId': 'b0b0b0b0-0000-1912-0001-000000000000', 'ontologyProperty': '', 'inverseOntologyProperty': ''}, {'resourceId': 'b0b0b0b0-0000-1912-0002-000000000000', 'ontologyProperty': '', 'inverseOntologyProperty': ''}, {'resourceId': 'b0b0b0b0-0000-1901-0001-000000000000', 'ontologyProperty': '', 'inverseOntologyProperty': ''}, {'resourceId': 'b0b0b0b0-0000-1901-0002-000000000000', 'ontologyProperty': '', 'inverseOntologyProperty': ''}, {'resourceId': 'b0b0b0b0-0000-1901-0003-000000000000', 'ontologyProperty': '', 'inverseOntologyProperty': ''}, {'resourceId': 'b0b0b0b0-0000-1902-0001-000000000000', 'ontologyProperty': '', 'inverseOntologyProperty': ''}, {'resourceId': 'b0b0b0b0-0000-1912-0003-000000000000', 'ontologyProperty': '', 'inverseOntologyProperty': ''}]",,Point (37.35962936 -115.28265399)
b0b0b0b0-0000-2601-0000-000000000000,LN4232 Feature 26 -  Panel 1,"Barely visible due to water erosion of this bedrock outcrop, Panel P consists of two side-by-side gridded ovals divided by numerous vertical lines, three connected circles in linear arrangement, a circle, three circular vulvaforms, and a vertical line. An archer with bow and arrow, apparently shooting at a fellow anthropomorph, and three additional but separate anthropomorphs are also present. The archer and the anthropomorph being shot at both have circles outlining their dot heads. The three separate anthropomorphs are bowlegged, making them similar in appearance of those that might be seen in the Anasazi area of the Virgin River.<br><br>Located on a horizontal surface, the panel comprises11 images representing 4 motifs: 3 Anthropomorphic (1 Linear Figure and 1 Line of Humans); 1 Zoomorphic (Big Horn); 1 Tracks (Bird Track); and 6 Geometric (Complex Geometric and Barred Oval).",,https://lcai-assets.s3.amazonaws.com/models/LN4232-F26-P1.nxs,https://lcai-assets.s3.amazonaws.com/models/LN4232-F32-P1.nxs,NXS,Centimeter,Red-Pigment_Feature26_Panel1_preview.jpg,"[{'resourceId': 'b0b0b0b0-0000-2601-0001-000000000000', 'ontologyProperty': '', 'inverseOntologyProperty': ''}, {'resourceId': 'b0b0b0b0-0000-262A-0001-000000000000', 'ontologyProperty': '', 'inverseOntologyProperty': ''}, {'resourceId': 'b0b0b0b0-0000-262A-0002-000000000000', 'ontologyProperty': '', 'inverseOntologyProperty': ''}, {'resourceId': 'b0b0b0b0-0000-262B-0001-000000000000', 'ontologyProperty': '', 'inverseOntologyProperty': ''}, {'resourceId': 'b0b0b0b0-0000-262B-0002-000000000000', 'ontologyProperty': '', 'inverseOntologyProperty': ''}, {'resourceId': 'b0b0b0b0-0000-262B-0003-000000000000', 'ontologyProperty': '', 'inverseOntologyProperty': ''}, {'resourceId': 'b0b0b0b0-0000-262C-0001-000000000000', 'ontologyProperty': '', 'inverseOntologyProperty': ''}, {'resourceId': 'b0b0b0b0-0000-262C-0002-000000000000', 'ontologyProperty': '', 'inverseOntologyProperty': ''}, {'resourceId': 'b0b0b0b0-0000-262C-0003-000000000000', 'ontologyProperty': '', 'inverseOntologyProperty': ''}, {'resourceId': 'b0b0b0b0-0000-262C-0005-000000000000', 'ontologyProperty': '', 'inverseOntologyProperty': ''}, {'resourceId': 'b0b0b0b0-0000-262D-0001-000000000000', 'ontologyProperty': '', 'inverseOntologyProperty': ''}, {'resourceId': 'b0b0b0b0-0000-262D-0003-000000000000', 'ontologyProperty': '', 'inverseOntologyProperty': ''}, {'resourceId': 'b0b0b0b0-0000-262E-0001-000000000000', 'ontologyProperty': '', 'inverseOntologyProperty': ''}, {'resourceId': 'b0b0b0b0-0000-262E-0002-000000000000', 'ontologyProperty': '', 'inverseOntologyProperty': ''}]","[{'resourceId': 'b0b0b0b0-0000-2636-0001-000000000000', 'ontologyProperty': '', 'inverseOntologyProperty': ''}, {'resourceId': 'b0b0b0b0-0000-262A-0003-000000000000', 'ontologyProperty': '', 'inverseOntologyProperty': ''}, {'resourceId': 'b0b0b0b0-0000-262B-0004-000000000000', 'ontologyProperty': '', 'inverseOntologyProperty': ''}, {'resourceId': 'b0b0b0b0-0000-262E-0003-000000000000', 'ontologyProperty': '', 'inverseOntologyProperty': ''}, {'resourceId': 'b0b0b0b0-0000-2636-0002-000000000000', 'ontologyProperty': '', 'inverseOntologyProperty': ''}, {'resourceId': 'b0b0b0b0-0000-262C-0004-000000000000', 'ontologyProperty': '', 'inverseOntologyProperty': ''}, {'resourceId': 'b0b0b0b0-0000-262D-0002-000000000000', 'ontologyProperty': '', 'inverseOntologyProperty': ''}, {'resourceId': 'b0b0b0b0-0000-262E-0003-000000000000', 'ontologyProperty': '', 'inverseOntologyProperty': ''}, {'resourceId': 'b0b0b0b0-0000-2636-0002-000000000000', 'ontologyProperty': '', 'inverseOntologyProperty': ''}, {'resourceId': 'b0b0b0b0-0000-2636-0003-000000000000', 'ontologyProperty': '', 'inverseOntologyProperty': ''}]",Point (37.36010011 -115.28147415)
b0b0b0b0-0000-2901-0000-000000000000,LN4232 Feature 29 - Panel 1,The panel comprises 5 images representing a Geometric motif (3 Complex and 2 Simple).,,https://lcai-assets.s3.amazonaws.com/models/LN4232-F29-P1.nxs,https://lcai-assets.s3.amazonaws.com/models/LN4232-F26-P1.nxs,NXS,Centimeter,Red-Pigment_Feature29_Panel1_preview.jpg,"[{'resourceId': 'b0b0b0b0-0000-2901-0001-000000000000', 'ontologyProperty': '', 'inverseOntologyProperty': ''}, {'resourceId': 'b0b0b0b0-0000-2901-0002-000000000000', 'ontologyProperty': '', 'inverseOntologyProperty': ''}, {'resourceId': 'b0b0b0b0-0000-2901-0003-000000000000', 'ontologyProperty': '', 'inverseOntologyProperty': ''}, {'resourceId': 'b0b0b0b0-0000-2901-0005-000000000000', 'ontologyProperty': '', 'inverseOntologyProperty': ''}, {'resourceId': 'b0b0b0b0-0000-2901-0006-000000000000', 'ontologyProperty': '', 'inverseOntologyProperty': ''}]","[{'resourceId': 'b0b0b0b0-0000-2901-0004-000000000000', 'ontologyProperty': '', 'inverseOntologyProperty': ''}, {'resourceId': 'b0b0b0b0-0000-2910-0001-000000000000', 'ontologyProperty': '', 'inverseOntologyProperty': ''}]",Point (37.36024262 -115.28137214)
b0b0b0b0-0000-3201-0000-000000000000,LN4232 Feature 32 - Panel 1,"The panel comprises 4 images representing Zoomorphic motifs (3 Big Horn, 1 Cervid).<br><br>This highly visible panel is situated on the north canyon wall. It features four zoomrophs that represent two pecking episodes based on variation in repatination. The largest zoomorph, 1.3 m in length, is both a bighorn sheep and a deer in depiction. Although the sheep's horns are most apparent, two lightly pecked antler horns extend upward from the sheep's upper horn, and the second antler with three terminal branches originates at the back of the neck below the lower sheep horn. The deer's antlers are a later addition to the sheep but appear to be the same relative age. A curved tail and the rear legs may have been repecked at a later date. With long, sweeping, upturned tails, the next three zoomorphs are much smaller than the deer/sheep element and have short ""ears"" rather than the long, curved sheep horns. These smaller animals are thought to represent canines, or possibly predatory animals such as pumas. One of the long-tailed animals is more recently pecked than the other elements on this panel.",,https://lcai-assets.s3.amazonaws.com/models/LN4232-F32-P1.nxs,https://lcai-assets.s3.amazonaws.com/models/LN4232-F37-P1.nxs,NXS,Centimeter,Red-Pigment_Feature32_Panel1_preview.jpg,"[{'resourceId': 'b0b0b0b0-0000-3201-0001-000000000000', 'ontologyProperty': '', 'inverseOntologyProperty': ''}, {'resourceId': 'b0b0b0b0-0000-3201-0002-000000000000', 'ontologyProperty': '', 'inverseOntologyProperty': ''}, {'resourceId': 'b0b0b0b0-0000-3217-0001-000000000000', 'ontologyProperty': '', 'inverseOntologyProperty': ''}, {'resourceId': 'b0b0b0b0-0000-3217-0002-000000000000', 'ontologyProperty': '', 'inverseOntologyProperty': ''}, {'resourceId': 'b0b0b0b0-0000-3217-0003-000000000000', 'ontologyProperty': '', 'inverseOntologyProperty': ''}]","[{'resourceId': 'b0b0b0b0-0000-3217-0004-000000000000', 'ontologyProperty': '', 'inverseOntologyProperty': ''}]",Point (37.36041614 -115.2813695)
b0b0b0b0-0000-3202-0000-000000000000,LN4232 Feature 32 - Panel 2,"The panel comprises 3 images representing 2 motifs: 1 Anthropomorph (Pahranagat Pattern Body) and 2 Big Horn.<br><br>Although hard to discern, the primary element on this cliff face panel is a Pahranagat patterned body antrhopomorph. It is portrayed with fringe along the lower body outline and has at least three rows of vertically aligned dots for its interior design. Below the Pahranagat-style figure is a double-tailed circle and a small sheep element.",,https://lcai-assets.s3.amazonaws.com/models/LN4232-F32-P2.nxs,https://lcai-assets.s3.amazonaws.com/models/LN4232-F1-P2.nxs,NXS,Centimeter,Red-Pigment_Feature32_Panel2_preview.jpg,"[{'resourceId': 'b0b0b0b0-0000-3202-0001-000000000000', 'ontologyProperty': '', 'inverseOntologyProperty': ''}, {'resourceId': 'b0b0b0b0-0000-3202-0002-000000000000', 'ontologyProperty': '', 'inverseOntologyProperty': ''}, {'resourceId': 'b0b0b0b0-0000-3217-0005-000000000000', 'ontologyProperty': '', 'inverseOntologyProperty': ''}, {'resourceId': 'b0b0b0b0-0000-3217-0006-000000000000', 'ontologyProperty': '', 'inverseOntologyProperty': ''}, {'resourceId': 'b0b0b0b0-0000-3217-0007-000000000000', 'ontologyProperty': '', 'inverseOntologyProperty': ''}]","[{'resourceId': 'b0b0b0b0-0000-3217-0008-000000000000', 'ontologyProperty': '', 'inverseOntologyProperty': ''}]",Point (37.36041614 -115.2813695)
b0b0b0b0-0000-3701-0000-000000000000,LN4232 Feature 37 -  Panel 1,"Single Pahranagat Patterned-body Anthropomorph. Note weighed atlatl.<br><br>Measuring 57 cm tall and high above the canyon floor in an area that is difficult and dangerous to access, a single, well-defined Pahranagat patterned body antropomorph is depicted. A weighted atlatl extends horizontally from its right side, and fringe hangs between the two stick legs. The figure's internal design is composed of two vertical lines, one each to the inside of the defining body shape lines. In addition, there are three dotted lines, the left dotted line having eight dots and the other two having seven dots each. A horizontal line connects the three dotted lines at the third dot down from the top. The top or ""head"" of the figure is expressed by two lines extending upward as a continuation of the outside body lines and legs, the right side terminating in a dot. The left side of the figure is lost as a result of rock spalling.<br><br>The panel comprises 6 images representing 3 motifs: 3 Anthropomorphic (2 Pahranagat Pattern Bodies and a Pahranagat Headdress); 1 Material Culture (Atlatl); and 2 Zoomorphic (1 Big Horn, 1 Quadruped)",,https://lcai-assets.s3.amazonaws.com/models/LN4232-F37-P1.nxs,https://lcai-assets.s3.amazonaws.com/models/LN4232-F55-P1.nxs,NXS,Centimeter,Red-Pigment_Feature37_Panel1_preview.jpg,"[{'resourceId': 'b0b0b0b0-0000-3701-0001-000000000000', 'ontologyProperty': '', 'inverseOntologyProperty': ''}, {'resourceId': 'b0b0b0b0-0000-3701-0001-000000000000', 'ontologyProperty': '', 'inverseOntologyProperty': ''}, {'resourceId': 'b0b0b0b0-0000-3701-0004-000000000000', 'ontologyProperty': '', 'inverseOntologyProperty': ''}, {'resourceId': 'b0b0b0b0-0000-3701-0005-000000000000', 'ontologyProperty': '', 'inverseOntologyProperty': ''}, {'resourceId': 'b0b0b0b0-0000-3701-0006-000000000000', 'ontologyProperty': '', 'inverseOntologyProperty': ''}, {'resourceId': 'b0b0b0b0-0000-3701-0007-000000000000', 'ontologyProperty': '', 'inverseOntologyProperty': ''}]","[{'resourceId': 'b0b0b0b0-0000-3701-0003-000000000000', 'ontologyProperty': '', 'inverseOntologyProperty': ''}, {'resourceId': 'b0b0b0b0-0000-3707-0001-000000000000', 'ontologyProperty': '', 'inverseOntologyProperty': ''}]",Point (37.36016297 -115.28121132)
b0b0b0b0-0000-4701-0000-000000000000,LN4232 Feature 47 - Panel 1,"This panel contains two Geometric images: 1 is an engraved (pecked)  Simple Geometric and the other is a prominent Concentric Circle which is both engraved (pecked) and painted with red pigment.<br><br>Complex concentric circle, 5 pecked circles alternating with 4 red pigment circles.<br><br>Situated at the mouth of the canyon on the southern wall, Panel A contains a concentric circle consisting of four pecked circles and three alternating red pigment circles painted on the raised, natural rock surface. Slightly above the concentric circle element and to its right is a short vertical line, a curvilinear vertical line, and a tilted chevron element.",,https://lcai-assets.s3.amazonaws.com/models/LN4232-F47-P1.nxs,https://lcai-assets.s3.amazonaws.com/models/LN4061-F8-P1.nxs,NXS,Centimeter,Red-Pigment_Feature47_Panel1_preview.jpg,"[{'resourceId': 'b0b0b0b0-0000-4701-0001-000000000000', 'ontologyProperty': '', 'inverseOntologyProperty': ''}, {'resourceId': 'b0b0b0b0-0000-4701-0004-000000000000', 'ontologyProperty': '', 'inverseOntologyProperty': ''}, {'resourceId': 'b0b0b0b0-0000-4701-0003-000000000000', 'ontologyProperty': '', 'inverseOntologyProperty': ''}]","[{'resourceId': 'b0b0b0b0-0000-4701-0002-000000000000', 'ontologyProperty': '', 'inverseOntologyProperty': ''}, {'resourceId': 'b0b0b0b0-0000-4733-0001-000000000000', 'ontologyProperty': '', 'inverseOntologyProperty': ''}]",Point (37.36043717 -115.28047888)
b0b0b0b0-0000-5501-0000-000000000000,LN4232 Feature 55 - Panel 1,"This panel comprises 11 images representing 4 motifs: 3 Anthropomorphic (1 Pahranagat Solid Body and 2 Linear Figures); 1 Zoomorphic (Partail); 1 Other (Circular Random); and 6 Geometric (Simple Geometric, Dot, Meandering Line, and Sinuous Line).",,https://lcai-assets.s3.amazonaws.com/models/LN4232-F55-P1.nxs,https://lcai-assets.s3.amazonaws.com/models/LN4232-F47-P1.nxs,NXS,Centimeter,Red-Pigment_Feature55_Panel1_preview.jpg,"[{'resourceId': 'b0b0b0b0-0000-5501-0001-000000000000', 'ontologyProperty': '', 'inverseOntologyProperty': ''}, {'resourceId': 'b0b0b0b0-0000-5501-0002-000000000000', 'ontologyProperty': '', 'inverseOntologyProperty': ''}, {'resourceId': 'b0b0b0b0-0000-5501-0003-000000000000', 'ontologyProperty': '', 'inverseOntologyProperty': ''}, {'resourceId': 'b0b0b0b0-0000-5501-0004-000000000000', 'ontologyProperty': '', 'inverseOntologyProperty': ''}, {'resourceId': 'b0b0b0b0-0000-5501-0005-000000000000', 'ontologyProperty': '', 'inverseOntologyProperty': ''}, {'resourceId': 'b0b0b0b0-0000-5501-0006-000000000000', 'ontologyProperty': '', 'inverseOntologyProperty': ''}, {'resourceId': 'b0b0b0b0-0000-5501-0007-000000000000', 'ontologyProperty': '', 'inverseOntologyProperty': ''}, {'resourceId': 'b0b0b0b0-0000-5501-0009-000000000000', 'ontologyProperty': '', 'inverseOntologyProperty': ''}, {'resourceId': 'b0b0b0b0-0000-5501-0010-000000000000', 'ontologyProperty': '', 'inverseOntologyProperty': ''}, {'resourceId': 'b0b0b0b0-0000-5501-0011-000000000000', 'ontologyProperty': '', 'inverseOntologyProperty': ''}]","[{'resourceId': 'b0b0b0b0-0000-5501-0008-000000000000', 'ontologyProperty': '', 'inverseOntologyProperty': ''}, {'resourceId': 'b0b0b0b0-0000-5535-0001-000000000000', 'ontologyProperty': '', 'inverseOntologyProperty': ''}]",
